{"cameraMode":{"drawMode":0,"name":"Shaded","section":"Shading Mode"},"sceneLighting":true,"audioPlay":false,"sceneViewState":{"m_AlwaysRefresh":false,"showFog":true,"showSkybox":true,"showFlares":true,"showImageEffects":true,"showParticleSystems":true,"showVisualEffectGraphs":true,"m_FxEnabled":true},"in2DMode":false,"pivot":{"x":3.3920788764953615,"y":17.65464973449707,"z":-55.16550827026367},"rotation":{"x":-0.14285917580127717,"y":-0.028499234467744829,"z":0.0040813167579472069,"w":-0.9893965125083923},"size":8.970378875732422,"orthographic":false}