{"cameraMode":{"drawMode":0,"name":"Shaded","section":"Shading Mode"},"sceneLighting":true,"audioPlay":false,"sceneViewState":{"m_AlwaysRefresh":false,"showFog":true,"showSkybox":true,"showFlares":true,"showImageEffects":true,"showParticleSystems":true,"showVisualEffectGraphs":true,"m_FxEnabled":true},"in2DMode":false,"pivot":{"x":9.839165687561036,"y":5.098021507263184,"z":-0.18781648576259614},"rotation":{"x":0.04682944715023041,"y":-0.21758876740932465,"z":0.010452323593199253,"w":0.9748623371124268},"size":3.4556963443756105,"orthographic":false}