{"cameraMode":{"drawMode":0,"name":"Shaded","section":"Shading Mode"},"sceneLighting":true,"audioPlay":false,"sceneViewState":{"m_AlwaysRefresh":false,"showFog":true,"showSkybox":true,"showFlares":true,"showImageEffects":true,"showParticleSystems":true,"showVisualEffectGraphs":true,"m_FxEnabled":true},"in2DMode":false,"pivot":{"x":7.0428690910339359,"y":18.478694915771486,"z":-6.4333720207214359},"rotation":{"x":0.22398319840431214,"y":-0.05259909853339195,"z":0.012161889113485814,"w":0.9732783436775208},"size":12.12435531616211,"orthographic":false}