{"cameraMode":{"drawMode":0,"name":"Shaded","section":"Shading Mode"},"sceneLighting":false,"audioPlay":false,"sceneViewState":{"m_AlwaysRefresh":false,"showFog":true,"showSkybox":false,"showFlares":true,"showImageEffects":true,"showParticleSystems":true,"showVisualEffectGraphs":true,"m_FxEnabled":true},"in2DMode":false,"pivot":{"x":5.958569049835205,"y":0.4445120394229889,"z":3.09283709526062},"rotation":{"x":-0.0008203263860195875,"y":-0.9982775449752808,"z":-0.014376196078956128,"w":0.05696188658475876},"size":1.5545251369476319,"orthographic":true}