{"cameraMode":{"drawMode":0,"name":"Shaded","section":"Shading Mode"},"sceneLighting":false,"audioPlay":false,"sceneViewState":{"m_AlwaysRefresh":false,"showFog":true,"showSkybox":false,"showFlares":true,"showImageEffects":true,"showParticleSystems":true,"showVisualEffectGraphs":true,"m_FxEnabled":true},"in2DMode":false,"pivot":{"x":0.47715166211128237,"y":0.3628745675086975,"z":-0.16944406926631928},"rotation":{"x":0.12440300732851029,"y":-0.3972196578979492,"z":0.05445419251918793,"w":0.9077024459838867},"size":0.37181586027145388,"orthographic":false}