{"cameraMode":{"drawMode":0,"name":"Shaded","section":"Shading Mode"},"sceneLighting":false,"audioPlay":false,"sceneViewState":{"m_AlwaysRefresh":false,"showFog":true,"showSkybox":false,"showFlares":true,"showImageEffects":true,"showParticleSystems":true,"showVisualEffectGraphs":true,"m_FxEnabled":true},"in2DMode":false,"pivot":{"x":4.042762279510498,"y":1.2582086324691773,"z":-2.2856476306915285},"rotation":{"x":0.12723709642887116,"y":-0.38617128133773806,"z":0.05388454720377922,"w":0.9121026396751404},"size":0.4937734603881836,"orthographic":false}