{"cameraMode":{"drawMode":0,"name":"Shaded","section":"Shading Mode"},"sceneLighting":true,"audioPlay":false,"sceneViewState":{"m_AlwaysRefresh":false,"showFog":true,"showSkybox":true,"showFlares":true,"showImageEffects":true,"showParticleSystems":true,"showVisualEffectGraphs":true,"m_FxEnabled":true},"in2DMode":false,"pivot":{"x":0.13474437594413758,"y":16.099987030029298,"z":-2.509917974472046},"rotation":{"x":0.69685298204422,"y":-0.0008606990450061858,"z":0.0008362348307855427,"w":0.7172169089317322},"size":3.95249605178833,"orthographic":false}