{"cameraMode":{"drawMode":0,"name":"Shaded","section":"Shading Mode"},"sceneLighting":true,"audioPlay":false,"sceneViewState":{"m_AlwaysRefresh":false,"showFog":true,"showSkybox":true,"showFlares":true,"showImageEffects":true,"showParticleSystems":true,"showVisualEffectGraphs":true,"m_FxEnabled":true},"in2DMode":false,"pivot":{"x":-8.731075286865235,"y":4.529382705688477,"z":13.816479682922364},"rotation":{"x":-0.011952540837228299,"y":0.9872934222221375,"z":-0.09088797122240067,"w":-0.12988364696502686},"size":16.29623794555664,"orthographic":false}