{"cameraMode":{"drawMode":0,"name":"Shaded","section":"Shading Mode"},"sceneLighting":true,"audioPlay":false,"sceneViewState":{"m_AlwaysRefresh":false,"showFog":true,"showSkybox":true,"showFlares":true,"showImageEffects":true,"showParticleSystems":true,"showVisualEffectGraphs":true,"m_FxEnabled":true},"in2DMode":false,"pivot":{"x":1.7254445552825928,"y":1.707747220993042,"z":-1.7090429067611695},"rotation":{"x":0.11443223059177399,"y":-0.35826465487480166,"z":0.04430239647626877,"w":0.925599992275238},"size":1.323603868484497,"orthographic":false}