{"cameraMode":{"drawMode":0,"name":"Shaded","section":"Shading Mode"},"sceneLighting":true,"audioPlay":false,"sceneViewState":{"m_AlwaysRefresh":false,"showFog":true,"showSkybox":true,"showFlares":true,"showImageEffects":true,"showParticleSystems":true,"showVisualEffectGraphs":true,"m_FxEnabled":true},"in2DMode":false,"pivot":{"x":6.716268062591553,"y":7.625638484954834,"z":-0.8614038825035095},"rotation":{"x":0.1364210546016693,"y":-0.47887542843818667,"z":0.07562875002622605,"w":0.8640018105506897},"size":0.8660253882408142,"orthographic":false}